season,game_id,date,time,home_team,away_team,stadium,status,broadcast,doubleheader_no,note
2025,2025-0001,2025-03-22,14:00,LG,롯데,잠실야구장,SCHEDULED,,,
2025,2025-0002,2025-03-22,14:00,SSG,두산,인천SSG랜더스필드,SCHEDULED,,,
2025,2025-0003,2025-03-22,14:00,KT,한화,수원KT위즈파크,SCHEDULED,,,
2025,2025-0004,2025-03-22,14:00,삼성,키움,대구삼성라이온즈파크,SCHEDULED,,,
2025,2025-0005,2025-03-22,14:00,기아,NC,광주기아챔피언스필드,SCHEDULED,,,
2025,2025-0006,2025-03-23,14:00,LG,롯데,잠실야구장,SCHEDULED,,,
2025,2025-0007,2025-03-23,14:00,SSG,두산,인천SSG랜더스필드,SCHEDULED,,,
2025,2025-0008,2025-03-23,14:00,KT,한화,수원KT위즈파크,SCHEDULED,,,
2025,2025-0009,2025-03-23,14:00,삼성,키움,대구삼성라이온즈파크,SCHEDULED,,,
2025,2025-0010,2025-03-23,14:00,기아,NC,광주기아챔피언스필드,SCHEDULED,,,
2025,2025-0011,2025-03-25,18:30,LG,한화,잠실야구장,SCHEDULED,,,
2025,2025-0012,2025-03-25,18:30,SSG,롯데,인천SSG랜더스필드,SCHEDULED,,,
2025,2025-0013,2025-03-25,18:30,KT,두산,수원KT위즈파크,SCHEDULED,,,
2025,2025-0014,2025-03-25,18:30,삼성,NC,대구삼성라이온즈파크,SCHEDULED,,,
2025,2025-0015,2025-03-25,18:30,기아,키움,광주기아챔피언스필드,SCHEDULED,,,
2025,2025-0016,2025-03-26,18:30,LG,한화,잠실야구장,SCHEDULED,,,
2025,2025-0017,2025-03-26,18:30,SSG,롯데,인천SSG랜더스필드,SCHEDULED,,,
2025,2025-0018,2025-03-26,18:30,KT,두산,수원KT위즈파크,SCHEDULED,,,
2025,2025-0019,2025-03-26,18:30,삼성,NC,대구삼성라이온즈파크,SCHEDULED,,,
2025,2025-0020,2025-03-26,18:30,기아,키움,광주기아챔피언스필드,SCHEDULED,,,
2025,2025-0021,2025-03-27,18:30,LG,한화,잠실야구장,SCHEDULED,,,
2025,2025-0022,2025-03-27,18:30,SSG,롯데,인천SSG랜더스필드,SCHEDULED,,,
2025,2025-0023,2025-03-27,18:30,KT,두산,수원KT위즈파크,SCHEDULED,,,
2025,2025-0024,2025-03-27,18:30,삼성,NC,대구삼성라이온즈파크,SCHEDULED,,,
2025,2025-0025,2025-03-27,18:30,기아,키움,광주기아챔피언스필드,SCHEDULED,,,
2025,2025-0026,2025-03-28,18:30,두산,삼성,잠실야구장,SCHEDULED,,,
2025,2025-0027,2025-03-28,18:30,키움,SSG,고척스카이돔,SCHEDULED,,,
2025,2025-0028,2025-03-28,18:30,한화,기아,대전한화생명볼파크,SCHEDULED,,,
2025,2025-0029,2025-03-28,18:30,롯데,KT,사직야구장,SCHEDULED,,,
2025,2025-0030,2025-03-28,18:30,NC,LG,창원NC파크,SCHEDULED,,,
2025,2025-0031,2025-03-29,14:00,두산,삼성,잠실야구장,SCHEDULED,,,
2025,2025-0032,2025-03-29,14:00,키움,SSG,고척스카이돔,SCHEDULED,,,
2025,2025-0033,2025-03-29,14:00,한화,기아,대전한화생명볼파크,SCHEDULED,,,
2025,2025-0034,2025-03-29,14:00,롯데,KT,사직야구장,SCHEDULED,,,
2025,2025-0035,2025-03-29,14:00,NC,LG,창원NC파크,SCHEDULED,,,
2025,2025-0036,2025-03-30,14:00,두산,삼성,잠실야구장,SCHEDULED,,,
2025,2025-0037,2025-03-30,14:00,키움,SSG,고척스카이돔,SCHEDULED,,,
2025,2025-0038,2025-03-30,14:00,한화,기아,대전한화생명볼파크,SCHEDULED,,,
2025,2025-0039,2025-03-30,14:00,롯데,KT,사직야구장,SCHEDULED,,,
2025,2025-0040,2025-03-30,14:00,NC,LG,창원NC파크,SCHEDULED,,,
2025,2025-0041,2025-04-01,18:30,두산,키움,잠실야구장,SCHEDULED,,,
2025,2025-0042,2025-04-01,18:30,KT,LG,수원KT위즈파크,SCHEDULED,,,
2025,2025-0043,2025-04-01,18:30,한화,롯데,대전한화생명볼파크,SCHEDULED,,,
2025,2025-0044,2025-04-01,18:30,기아,삼성,광주기아챔피언스필드,SCHEDULED,,,
2025,2025-0045,2025-04-01,18:30,NC,SSG,창원NC파크,SCHEDULED,,,
2025,2025-0046,2025-04-02,18:30,두산,키움,잠실야구장,SCHEDULED,,,
2025,2025-0047,2025-04-02,18:30,KT,LG,수원KT위즈파크,SCHEDULED,,,
2025,2025-0048,2025-04-02,18:30,한화,롯데,대전한화생명볼파크,SCHEDULED,,,
2025,2025-0049,2025-04-02,18:30,기아,삼성,광주기아챔피언스필드,SCHEDULED,,,
2025,2025-0050,2025-04-02,18:30,NC,SSG,창원NC파크,SCHEDULED,,,
2025,2025-0051,2025-04-03,18:30,두산,키움,잠실야구장,SCHEDULED,,,
2025,2025-0052,2025-04-03,18:30,KT,LG,수원KT위즈파크,SCHEDULED,,,
2025,2025-0053,2025-04-03,18:30,한화,롯데,대전한화생명볼파크,SCHEDULED,,,
2025,2025-0054,2025-04-03,18:30,기아,삼성,광주기아챔피언스필드,SCHEDULED,,,
2025,2025-0055,2025-04-03,18:30,NC,SSG,창원NC파크,SCHEDULED,,,
2025,2025-0056,2025-04-04,18:30,LG,기아,잠실야구장,SCHEDULED,,,
2025,2025-0057,2025-04-04,18:30,키움,NC,고척스카이돔,SCHEDULED,,,
2025,2025-0058,2025-04-04,18:30,SSG,KT,인천SSG랜더스필드,SCHEDULED,,,
2025,2025-0059,2025-04-04,18:30,삼성,한화,대구삼성라이온즈파크,SCHEDULED,,,
2025,2025-0060,2025-04-04,18:30,롯데,두산,사직야구장,SCHEDULED,,,
2025,2025-0061,2025-04-05,14:00,LG,기아,잠실야구장,SCHEDULED,,,
2025,2025-0062,2025-04-05,14:00,키움,NC,고척스카이돔,SCHEDULED,,,
2025,2025-0063,2025-04-05,14:00,SSG,KT,인천SSG랜더스필드,SCHEDULED,,,
2025,2025-0064,2025-04-05,14:00,삼성,한화,대구삼성라이온즈파크,SCHEDULED,,,
2025,2025-0065,2025-04-05,14:00,롯데,두산,사직야구장,SCHEDULED,,,
2025,2025-0066,2025-04-06,14:00,LG,기아,잠실야구장,SCHEDULED,,,
2025,2025-0067,2025-04-06,14:00,키움,NC,고척스카이돔,SCHEDULED,,,
2025,2025-0068,2025-04-06,14:00,SSG,KT,인천SSG랜더스필드,SCHEDULED,,,
2025,2025-0069,2025-04-06,14:00,삼성,한화,대구삼성라이온즈파크,SCHEDULED,,,
2025,2025-0070,2025-04-06,14:00,롯데,두산,사직야구장,SCHEDULED,,,
2025,2025-0071,2025-04-08,18:30,두산,한화,잠실야구장,SCHEDULED,,,
2025,2025-0072,2025-04-08,18:30,키움,LG,고척스카이돔,SCHEDULED,,,
2025,2025-0073,2025-04-08,18:30,KT,NC,수원KT위즈파크,SCHEDULED,,,
2025,2025-0074,2025-04-08,18:30,삼성,SSG,대구삼성라이온즈파크,SCHEDULED,,,
2025,2025-0075,2025-04-08,18:30,롯데,기아,사직야구장,SCHEDULED,,,
2025,2025-0076,2025-04-09,18:30,두산,한화,잠실야구장,SCHEDULED,,,
2025,2025-0077,2025-04-09,18:30,키움,LG,고척스카이돔,SCHEDULED,,,
2025,2025-0078,2025-04-09,18:30,KT,NC,수원KT위즈파크,SCHEDULED,,,
2025,2025-0079,2025-04-09,18:30,삼성,SSG,대구삼성라이온즈파크,SCHEDULED,,,
2025,2025-0080,2025-04-09,18:30,롯데,기아,사직야구장,SCHEDULED,,,
2025,2025-0081,2025-04-10,18:30,두산,한화,잠실야구장,SCHEDULED,,,
2025,2025-0082,2025-04-10,18:30,키움,LG,고척스카이돔,SCHEDULED,,,
2025,2025-0083,2025-04-10,18:30,KT,NC,수원KT위즈파크,SCHEDULED,,,
2025,2025-0084,2025-04-10,18:30,삼성,SSG,대구삼성라이온즈파크,SCHEDULED,,,
2025,2025-0085,2025-04-10,18:30,롯데,기아,사직야구장,SCHEDULED,,,
2025,2025-0086,2025-04-11,18:30,LG,두산,잠실야구장,SCHEDULED,,,
2025,2025-0087,2025-04-11,18:30,KT,삼성,수원KT위즈파크,SCHEDULED,,,
2025,2025-0088,2025-04-11,18:30,한화,키움,대전한화생명볼파크,SCHEDULED,,,
2025,2025-0089,2025-04-11,18:30,기아,SSG,광주기아챔피언스필드,SCHEDULED,,,
2025,2025-0090,2025-04-11,18:30,NC,롯데,창원NC파크,SCHEDULED,,,
2025,2025-0091,2025-04-12,14:00,LG,두산,잠실야구장,SCHEDULED,,,
2025,2025-0092,2025-04-12,14:00,KT,삼성,수원KT위즈파크,SCHEDULED,,,
2025,2025-0093,2025-04-12,14:00,한화,키움,대전한화생명볼파크,SCHEDULED,,,
2025,2025-0094,2025-04-12,14:00,기아,SSG,광주기아챔피언스필드,SCHEDULED,,,
2025,2025-0095,2025-04-12,14:00,NC,롯데,창원NC파크,SCHEDULED,,,
2025,2025-0096,2025-04-13,14:00,LG,두산,잠실야구장,SCHEDULED,,,
2025,2025-0097,2025-04-13,14:00,KT,삼성,수원KT위즈파크,SCHEDULED,,,
2025,2025-0098,2025-04-13,14:00,한화,키움,대전한화생명볼파크,SCHEDULED,,,
2025,2025-0099,2025-04-13,14:00,기아,SSG,광주기아챔피언스필드,SCHEDULED,,,
2025,2025-0100,2025-04-13,14:00,NC,롯데,창원NC파크,SCHEDULED,,,
2025,2025-0101,2025-04-15,18:30,LG,삼성,잠실야구장,SCHEDULED,,,
2025,2025-0102,2025-04-15,18:30,SSG,한화,인천SSG랜더스필드,SCHEDULED,,,
2025,2025-0103,2025-04-15,18:30,기아,KT,광주기아챔피언스필드,SCHEDULED,,,
2025,2025-0104,2025-04-15,18:30,롯데,키움,사직야구장,SCHEDULED,,,
2025,2025-0105,2025-04-15,18:30,NC,두산,창원NC파크,SCHEDULED,,,
2025,2025-0106,2025-04-16,18:30,LG,삼성,잠실야구장,SCHEDULED,,,
2025,2025-0107,2025-04-16,18:30,SSG,한화,인천SSG랜더스필드,SCHEDULED,,,
2025,2025-0108,2025-04-16,18:30,기아,KT,광주기아챔피언스필드,SCHEDULED,,,
2025,2025-0109,2025-04-16,18:30,롯데,키움,사직야구장,SCHEDULED,,,
2025,2025-0110,2025-04-16,18:30,NC,두산,창원NC파크,SCHEDULED,,,
2025,2025-0111,2025-04-17,18:30,LG,삼성,잠실야구장,SCHEDULED,,,
2025,2025-0112,2025-04-17,18:30,SSG,한화,인천SSG랜더스필드,SCHEDULED,,,
2025,2025-0113,2025-04-17,18:30,기아,KT,광주기아챔피언스필드,SCHEDULED,,,
2025,2025-0114,2025-04-17,18:30,롯데,키움,사직야구장,SCHEDULED,,,
2025,2025-0115,2025-04-17,18:30,NC,두산,창원NC파크,SCHEDULED,,,
2025,2025-0116,2025-04-18,18:30,두산,기아,잠실야구장,SCHEDULED,,,
2025,2025-0117,2025-04-18,18:30,키움,KT,고척스카이돔,SCHEDULED,,,
2025,2025-0118,2025-04-18,18:30,SSG,LG,인천SSG랜더스필드,SCHEDULED,,,
2025,2025-0119,2025-04-18,18:30,한화,NC,대전한화생명볼파크,SCHEDULED,,,
2025,2025-0120,2025-04-18,18:30,삼성,롯데,대구삼성라이온즈파크,SCHEDULED,,,
2025,2025-0121,2025-04-19,14:00,두산,기아,잠실야구장,SCHEDULED,,,
2025,2025-0122,2025-04-19,14:00,키움,KT,고척스카이돔,SCHEDULED,,,
2025,2025-0123,2025-04-19,14:00,SSG,LG,인천SSG랜더스필드,SCHEDULED,,,
2025,2025-0124,2025-04-19,14:00,한화,NC,대전한화생명볼파크,SCHEDULED,,,
2025,2025-0125,2025-04-19,14:00,삼성,롯데,대구삼성라이온즈파크,SCHEDULED,,,
2025,2025-0126,2025-04-20,14:00,두산,기아,잠실야구장,SCHEDULED,,,
2025,2025-0127,2025-04-20,14:00,키움,KT,고척스카이돔,SCHEDULED,,,
2025,2025-0128,2025-04-20,14:00,SSG,LG,인천SSG랜더스필드,SCHEDULED,,,
2025,2025-0129,2025-04-20,14:00,한화,NC,대전한화생명볼파크,SCHEDULED,,,
2025,2025-0130,2025-04-20,14:00,삼성,롯데,대구삼성라이온즈파크,SCHEDULED,,,
2025,2025-0131,2025-04-22,18:30,LG,NC,잠실야구장,SCHEDULED,,,
2025,2025-0132,2025-04-22,18:30,키움,두산,고척스카이돔,SCHEDULED,,,
2025,2025-0133,2025-04-22,18:30,KT,SSG,수원KT위즈파크,SCHEDULED,,,
2025,2025-0134,2025-04-22,18:30,삼성,기아,대구삼성라이온즈파크,SCHEDULED,,,
2025,2025-0135,2025-04-22,18:30,롯데,한화,사직야구장,SCHEDULED,,,
2025,2025-0136,2025-04-23,18:30,LG,NC,잠실야구장,SCHEDULED,,,
2025,2025-0137,2025-04-23,18:30,키움,두산,고척스카이돔,SCHEDULED,,,
2025,2025-0138,2025-04-23,18:30,KT,SSG,수원KT위즈파크,SCHEDULED,,,
2025,2025-0139,2025-04-23,18:30,삼성,기아,대구삼성라이온즈파크,SCHEDULED,,,
2025,2025-0140,2025-04-23,18:30,롯데,한화,사직야구장,SCHEDULED,,,
2025,2025-0141,2025-04-24,18:30,LG,NC,잠실야구장,SCHEDULED,,,
2025,2025-0142,2025-04-24,18:30,키움,두산,고척스카이돔,SCHEDULED,,,
2025,2025-0143,2025-04-24,18:30,KT,SSG,수원KT위즈파크,SCHEDULED,,,
2025,2025-0144,2025-04-24,18:30,삼성,기아,대구삼성라이온즈파크,SCHEDULED,,,
2025,2025-0145,2025-04-24,18:30,롯데,한화,사직야구장,SCHEDULED,,,
2025,2025-0146,2025-04-25,18:30,두산,롯데,잠실야구장,SCHEDULED,,,
2025,2025-0147,2025-04-25,18:30,SSG,키움,인천SSG랜더스필드,SCHEDULED,,,
2025,2025-0148,2025-04-25,18:30,한화,KT,대전한화생명볼파크,SCHEDULED,,,
2025,2025-0149,2025-04-25,18:30,기아,LG,광주기아챔피언스필드,SCHEDULED,,,
2025,2025-0150,2025-04-25,18:30,NC,삼성,창원NC파크,SCHEDULED,,,
2025,2025-0151,2025-04-26,14:00,두산,롯데,잠실야구장,SCHEDULED,,,
2025,2025-0152,2025-04-26,14:00,SSG,키움,인천SSG랜더스필드,SCHEDULED,,,
2025,2025-0153,2025-04-26,14:00,한화,KT,대전한화생명볼파크,SCHEDULED,,,
2025,2025-0154,2025-04-26,14:00,기아,LG,광주기아챔피언스필드,SCHEDULED,,,
2025,2025-0155,2025-04-26,14:00,NC,삼성,창원NC파크,SCHEDULED,,,
2025,2025-0156,2025-04-27,14:00,두산,롯데,잠실야구장,SCHEDULED,,,
2025,2025-0157,2025-04-27,14:00,SSG,키움,인천SSG랜더스필드,SCHEDULED,,,
2025,2025-0158,2025-04-27,14:00,한화,KT,대전한화생명볼파크,SCHEDULED,,,
2025,2025-0159,2025-04-27,14:00,기아,LG,광주기아챔피언스필드,SCHEDULED,,,
2025,2025-0160,2025-04-27,14:00,NC,삼성,창원NC파크,SCHEDULED,,,
2025,2025-0161,2025-04-29,18:30,두산,KT,잠실야구장,SCHEDULED,,,
2025,2025-0162,2025-04-29,18:30,키움,롯데,고척스카이돔,SCHEDULED,,,
2025,2025-0163,2025-04-29,18:30,SSG,삼성,인천SSG랜더스필드,SCHEDULED,,,
2025,2025-0164,2025-04-29,18:30,한화,LG,대전한화생명볼파크,SCHEDULED,,,
2025,2025-0165,2025-04-29,18:30,NC,기아,창원NC파크,SCHEDULED,,,
2025,2025-0166,2025-04-30,18:30,두산,KT,잠실야구장,SCHEDULED,,,
2025,2025-0167,2025-04-30,18:30,키움,롯데,고척스카이돔,SCHEDULED,,,
2025,2025-0168,2025-04-30,18:30,SSG,삼성,인천SSG랜더스필드,SCHEDULED,,,
2025,2025-0169,2025-04-30,18:30,한화,LG,대전한화생명볼파크,SCHEDULED,,,
2025,2025-0170,2025-04-30,18:30,NC,기아,창원NC파크,SCHEDULED,,,
2025,2025-0171,2025-05-01,18:30,두산,KT,잠실야구장,SCHEDULED,,,
2025,2025-0172,2025-05-01,18:30,키움,롯데,고척스카이돔,SCHEDULED,,,
2025,2025-0173,2025-05-01,18:30,SSG,삼성,인천SSG랜더스필드,SCHEDULED,,,
2025,2025-0174,2025-05-01,18:30,한화,LG,대전한화생명볼파크,SCHEDULED,,,
2025,2025-0175,2025-05-01,18:30,NC,기아,창원NC파크,SCHEDULED,,,
2025,2025-0176,2025-05-02,18:30,LG,SSG,잠실야구장,SCHEDULED,,,
2025,2025-0177,2025-05-02,18:30,KT,키움,수원KT위즈파크,SCHEDULED,,,
2025,2025-0178,2025-05-02,18:30,삼성,두산,대구삼성라이온즈파크,SCHEDULED,,,
2025,2025-0179,2025-05-02,18:30,기아,한화,광주기아챔피언스필드,SCHEDULED,,,
2025,2025-0180,2025-05-02,18:30,롯데,NC,사직야구장,SCHEDULED,,,
2025,2025-0181,2025-05-03,14:00,LG,SSG,잠실야구장,SCHEDULED,,,
2025,2025-0182,2025-05-03,14:00,KT,키움,수원KT위즈파크,SCHEDULED,,,
2025,2025-0183,2025-05-03,14:00,삼성,두산,대구삼성라이온즈파크,SCHEDULED,,,
2025,2025-0184,2025-05-03,14:00,기아,한화,광주기아챔피언스필드,SCHEDULED,,,
2025,2025-0185,2025-05-03,14:00,롯데,NC,사직야구장,SCHEDULED,,,
2025,2025-0186,2025-05-04,14:00,LG,SSG,잠실야구장,SCHEDULED,,,
2025,2025-0187,2025-05-04,14:00,KT,키움,수원KT위즈파크,SCHEDULED,,,
2025,2025-0188,2025-05-04,14:00,삼성,두산,대구삼성라이온즈파크,SCHEDULED,,,
2025,2025-0189,2025-05-04,14:00,기아,한화,광주기아챔피언스필드,SCHEDULED,,,
2025,2025-0190,2025-05-04,14:00,롯데,NC,사직야구장,SCHEDULED,,,
2025,2025-0191,2025-05-05,18:30,두산,LG,잠실야구장,SCHEDULED,,,
2025,2025-0192,2025-05-05,18:30,키움,기아,고척스카이돔,SCHEDULED,,,
2025,2025-0193,2025-05-05,18:30,한화,삼성,대전한화생명볼파크,SCHEDULED,,,
2025,2025-0194,2025-05-05,18:30,롯데,SSG,사직야구장,SCHEDULED,,,
2025,2025-0195,2025-05-05,18:30,NC,KT,창원NC파크,SCHEDULED,,,
2025,2025-0196,2025-05-06,18:30,두산,LG,잠실야구장,SCHEDULED,,,
2025,2025-0197,2025-05-06,18:30,키움,기아,고척스카이돔,SCHEDULED,,,
2025,2025-0198,2025-05-06,18:30,한화,삼성,대전한화생명볼파크,SCHEDULED,,,
2025,2025-0199,2025-05-06,18:30,롯데,SSG,사직야구장,SCHEDULED,,,
2025,2025-0200,2025-05-06,18:30,NC,KT,창원NC파크,SCHEDULED,,,
2025,2025-0201,2025-05-07,18:30,두산,LG,잠실야구장,SCHEDULED,,,
2025,2025-0202,2025-05-07,18:30,키움,기아,고척스카이돔,SCHEDULED,,,
2025,2025-0203,2025-05-07,18:30,한화,삼성,대전한화생명볼파크,SCHEDULED,,,
2025,2025-0204,2025-05-07,18:30,롯데,SSG,사직야구장,SCHEDULED,,,
2025,2025-0205,2025-05-07,18:30,NC,KT,창원NC파크,SCHEDULED,,,
2025,2025-0206,2025-05-09,18:30,두산,NC,잠실야구장,SCHEDULED,,,
2025,2025-0207,2025-05-09,18:30,키움,한화,고척스카이돔,SCHEDULED,,,
2025,2025-0208,2025-05-09,18:30,SSG,기아,인천SSG랜더스필드,SCHEDULED,,,
2025,2025-0209,2025-05-09,18:30,KT,롯데,수원KT위즈파크,SCHEDULED,,,
2025,2025-0210,2025-05-09,18:30,삼성,LG,대구삼성라이온즈파크,SCHEDULED,,,
2025,2025-0211,2025-05-10,14:00,두산,NC,잠실야구장,SCHEDULED,,,
2025,2025-0211,2025-05-10,17:00,두산,NC,잠실야구장,SCHEDULED,,,
2025,2025-0212,2025-05-10,14:00,키움,한화,고척스카이돔,SCHEDULED,,,
2025,2025-0213,2025-05-10,14:00,SSG,기아,인천SSG랜더스필드,SCHEDULED,,,
2025,2025-0214,2025-05-10,14:00,KT,롯데,수원KT위즈파크,SCHEDULED,,,
2025,2025-0215,2025-05-10,14:00,삼성,LG,대구삼성라이온즈파크,SCHEDULED,,,
2025,2025-0213,2025-05-10,17:00,SSG,기아,인천SSG랜더스필드,SCHEDULED,,,
2025,2025-0214,2025-05-10,17:00,KT,롯데,수원KT위즈파크,SCHEDULED,,,
2025,2025-0215,2025-05-10,17:00,삼성,LG,대구삼성라이온즈파크,SCHEDULED,,,
2025,2025-0216,2025-05-11,14:00,두산,NC,잠실야구장,SCHEDULED,,,
2025,2025-0216,2025-05-11,17:00,두산,NC,잠실야구장,SCHEDULED,,,
2025,2025-0217,2025-05-11,14:00,키움,한화,고척스카이돔,SCHEDULED,,,
2025,2025-0218,2025-05-11,14:00,SSG,기아,인천SSG랜더스필드,SCHEDULED,,,
2025,2025-0218,2025-05-11,17:00,SSG,기아,인천SSG랜더스필드,SCHEDULED,,,
2025,2025-0219,2025-05-11,14:00,KT,롯데,수원KT위즈파크,SCHEDULED,,,
2025,2025-0219,2025-05-11,17:00,KT,롯데,수원KT위즈파크,SCHEDULED,,,
2025,2025-0220,2025-05-11,14:00,삼성,LG,대구삼성라이온즈파크,SCHEDULED,,,
2025,2025-0221,2025-05-13,18:30,LG,키움,잠실야구장,SCHEDULED,,,
2025,2025-0222,2025-05-13,18:30,SSG,NC,인천SSG랜더스필드,SCHEDULED,,,
2025,2025-0223,2025-05-13,18:30,한화,두산,대전한화생명볼파크,SCHEDULED,,,
2025,2025-0224,2025-05-13,18:30,삼성,KT,대구삼성라이온즈파크,SCHEDULED,,,
2025,2025-0225,2025-05-13,18:30,기아,롯데,광주기아챔피언스필드,SCHEDULED,,,
2025,2025-0226,2025-05-14,18:30,LG,키움,잠실야구장,SCHEDULED,,,
2025,2025-0227,2025-05-14,18:30,SSG,NC,인천SSG랜더스필드,SCHEDULED,,,
2025,2025-0228,2025-05-14,18:30,한화,두산,대전한화생명볼파크,SCHEDULED,,,
2025,2025-0229,2025-05-14,18:30,삼성,KT,대구삼성라이온즈파크,SCHEDULED,,,
2025,2025-0230,2025-05-14,18:30,기아,롯데,광주기아챔피언스필드,SCHEDULED,,,
2025,2025-0231,2025-05-15,18:30,LG,키움,잠실야구장,SCHEDULED,,,
2025,2025-0232,2025-05-15,18:30,SSG,NC,인천SSG랜더스필드,SCHEDULED,,,
2025,2025-0233,2025-05-15,18:30,한화,두산,대전한화생명볼파크,SCHEDULED,,,
2025,2025-0234,2025-05-15,18:30,삼성,KT,대구삼성라이온즈파크,SCHEDULED,,,
2025,2025-0235,2025-05-15,18:30,기아,롯데,광주기아챔피언스필드,SCHEDULED,,,
2025,2025-0236,2025-05-16,18:30,LG,KT,잠실야구장,SCHEDULED,,,
2025,2025-0237,2025-05-16,18:30,한화,SSG,대전한화생명볼파크,SCHEDULED,,,
2025,2025-0238,2025-05-16,18:30,기아,두산,광주기아챔피언스필드,SCHEDULED,,,
2025,2025-0239,2025-05-16,18:30,롯데,삼성,사직야구장,SCHEDULED,,,
2025,2025-0240,2025-05-16,18:30,NC,키움,창원NC파크,SCHEDULED,,,
2025,2025-0241,2025-05-17,14:00,LG,KT,잠실야구장,SCHEDULED,,,
2025,2025-0242,2025-05-17,14:00,한화,SSG,대전한화생명볼파크,SCHEDULED,,,
2025,2025-0243,2025-05-17,14:00,기아,두산,광주기아챔피언스필드,SCHEDULED,,,
2025,2025-0244,2025-05-17,14:00,롯데,삼성,사직야구장,SCHEDULED,,,
2025,2025-0245,2025-05-17,14:00,NC,키움,창원NC파크,SCHEDULED,,,
2025,2025-0246,2025-05-18,14:00,LG,KT,잠실야구장,SCHEDULED,,,
2025,2025-0247,2025-05-18,14:00,한화,SSG,대전한화생명볼파크,SCHEDULED,,,
2025,2025-0248,2025-05-18,14:00,기아,두산,광주기아챔피언스필드,SCHEDULED,,,
2025,2025-0249,2025-05-18,14:00,롯데,삼성,사직야구장,SCHEDULED,,,
2025,2025-0250,2025-05-18,14:00,NC,키움,창원NC파크,SCHEDULED,,,
2025,2025-0251,2025-05-20,18:30,두산,SSG,잠실야구장,SCHEDULED,,,
2025,2025-0252,2025-05-20,18:30,키움,삼성,고척스카이돔,SCHEDULED,,,
2025,2025-0253,2025-05-20,18:30,KT,기아,수원KT위즈파크,SCHEDULED,,,
2025,2025-0254,2025-05-20,18:30,롯데,LG,사직야구장,SCHEDULED,,,
2025,2025-0255,2025-05-20,18:30,NC,한화,창원NC파크,SCHEDULED,,,
2025,2025-0256,2025-05-21,18:30,두산,SSG,잠실야구장,SCHEDULED,,,
2025,2025-0257,2025-05-21,18:30,키움,삼성,고척스카이돔,SCHEDULED,,,
2025,2025-0258,2025-05-21,18:30,KT,기아,수원KT위즈파크,SCHEDULED,,,
2025,2025-0259,2025-05-21,18:30,롯데,LG,사직야구장,SCHEDULED,,,
2025,2025-0260,2025-05-21,18:30,NC,한화,창원NC파크,SCHEDULED,,,
2025,2025-0261,2025-05-22,18:30,두산,SSG,잠실야구장,SCHEDULED,,,
2025,2025-0262,2025-05-22,18:30,키움,삼성,고척스카이돔,SCHEDULED,,,
2025,2025-0263,2025-05-22,18:30,KT,기아,수원KT위즈파크,SCHEDULED,,,
2025,2025-0264,2025-05-22,18:30,롯데,LG,사직야구장,SCHEDULED,,,
2025,2025-0265,2025-05-22,18:30,NC,한화,창원NC파크,SCHEDULED,,,
2025,2025-0266,2025-05-23,18:30,두산,NC,잠실야구장,SCHEDULED,,,
2025,2025-0267,2025-05-23,18:30,키움,KT,고척스카이돔,SCHEDULED,,,
2025,2025-0268,2025-05-23,18:30,SSG,LG,인천SSG랜더스필드,SCHEDULED,,,
2025,2025-0269,2025-05-23,18:30,한화,롯데,대전한화생명볼파크,SCHEDULED,,,
2025,2025-0270,2025-05-23,18:30,삼성,기아,대구삼성라이온즈파크,SCHEDULED,,,
2025,2025-0271,2025-05-24,14:00,두산,NC,잠실야구장,SCHEDULED,,,
2025,2025-0272,2025-05-24,14:00,키움,KT,고척스카이돔,SCHEDULED,,,
2025,2025-0273,2025-05-24,14:00,SSG,LG,인천SSG랜더스필드,SCHEDULED,,,
2025,2025-0274,2025-05-24,14:00,한화,롯데,대전한화생명볼파크,SCHEDULED,,,
2025,2025-0275,2025-05-24,14:00,삼성,기아,대구삼성라이온즈파크,SCHEDULED,,,
2025,2025-0276,2025-05-25,14:00,두산,NC,잠실야구장,SCHEDULED,,,
2025,2025-0277,2025-05-25,14:00,키움,KT,고척스카이돔,SCHEDULED,,,
2025,2025-0278,2025-05-25,14:00,SSG,LG,인천SSG랜더스필드,SCHEDULED,,,
2025,2025-0279,2025-05-25,14:00,한화,롯데,대전한화생명볼파크,SCHEDULED,,,
2025,2025-0280,2025-05-25,14:00,삼성,기아,대구삼성라이온즈파크,SCHEDULED,,,
2025,2025-0281,2025-05-27,18:30,LG,한화,잠실야구장,SCHEDULED,,,
2025,2025-0282,2025-05-27,18:30,SSG,NC,인천SSG랜더스필드,SCHEDULED,,,
2025,2025-0283,2025-05-27,18:30,KT,두산,수원KT위즈파크,SCHEDULED,,,
2025,2025-0284,2025-05-27,18:30,삼성,롯데,대구삼성라이온즈파크,SCHEDULED,,,
2025,2025-0285,2025-05-27,18:30,기아,키움,광주기아챔피언스필드,SCHEDULED,,,
2025,2025-0286,2025-05-28,18:30,LG,한화,잠실야구장,SCHEDULED,,,
2025,2025-0287,2025-05-28,18:30,SSG,NC,인천SSG랜더스필드,SCHEDULED,,,
2025,2025-0288,2025-05-28,18:30,KT,두산,수원KT위즈파크,SCHEDULED,,,
2025,2025-0289,2025-05-28,18:30,삼성,롯데,대구삼성라이온즈파크,SCHEDULED,,,
2025,2025-0290,2025-05-28,18:30,기아,키움,광주기아챔피언스필드,SCHEDULED,,,
2025,2025-0291,2025-05-29,18:30,LG,한화,잠실야구장,SCHEDULED,,,
2025,2025-0292,2025-05-29,18:30,SSG,NC,인천SSG랜더스필드,SCHEDULED,,,
2025,2025-0293,2025-05-29,18:30,KT,두산,수원KT위즈파크,SCHEDULED,,,
2025,2025-0294,2025-05-29,18:30,삼성,롯데,대구삼성라이온즈파크,SCHEDULED,,,
2025,2025-0295,2025-05-29,18:30,기아,키움,광주기아챔피언스필드,SCHEDULED,,,
2025,2025-0296,2025-05-30,18:30,LG,삼성,잠실야구장,SCHEDULED,,,
2025,2025-0297,2025-05-30,18:30,키움,두산,고척스카이돔,SCHEDULED,,,
2025,2025-0298,2025-05-30,18:30,KT,기아,수원KT위즈파크,SCHEDULED,,,
2025,2025-0299,2025-05-30,18:30,롯데,SSG,사직야구장,SCHEDULED,,,
2025,2025-0300,2025-05-30,18:30,NC,한화,창원NC파크,SCHEDULED,,,
2025,2025-0301,2025-05-31,14:00,LG,삼성,잠실야구장,SCHEDULED,,,
2025,2025-0302,2025-05-31,14:00,키움,두산,고척스카이돔,SCHEDULED,,,
2025,2025-0303,2025-05-31,14:00,KT,기아,수원KT위즈파크,SCHEDULED,,,
2025,2025-0304,2025-05-31,14:00,롯데,SSG,사직야구장,SCHEDULED,,,
2025,2025-0305,2025-05-31,14:00,NC,한화,창원NC파크,SCHEDULED,,,
2025,2025-0306,2025-06-01,17:00,LG,삼성,잠실야구장,SCHEDULED,,,
2025,2025-0307,2025-06-01,14:00,키움,두산,고척스카이돔,SCHEDULED,,,
2025,2025-0308,2025-06-01,17:00,KT,기아,수원KT위즈파크,SCHEDULED,,,
2025,2025-0309,2025-06-01,17:00,롯데,SSG,사직야구장,SCHEDULED,,,
2025,2025-0310,2025-06-01,17:00,NC,한화,창원NC파크,SCHEDULED,,,
2025,2025-0311,2025-06-03,18:30,두산,기아,잠실야구장,SCHEDULED,,,
2025,2025-0312,2025-06-03,18:30,SSG,삼성,인천SSG랜더스필드,SCHEDULED,,,
2025,2025-0313,2025-06-03,18:30,한화,KT,대전한화생명볼파크,SCHEDULED,,,
2025,2025-0314,2025-06-03,18:30,롯데,키움,사직야구장,SCHEDULED,,,
2025,2025-0315,2025-06-03,14:00,NC,LG,창원NC파크,SCHEDULED,,,
2025,2025-0316,2025-06-04,18:30,두산,기아,잠실야구장,SCHEDULED,,,
2025,2025-0317,2025-06-04,18:30,SSG,삼성,인천SSG랜더스필드,SCHEDULED,,,
2025,2025-0318,2025-06-04,14:00,한화,KT,대전한화생명볼파크,SCHEDULED,,,
2025,2025-0319,2025-06-04,18:30,롯데,키움,사직야구장,SCHEDULED,,,
2025,2025-0320,2025-06-04,18:30,NC,LG,창원NC파크,SCHEDULED,,,
2025,2025-0321,2025-06-05,18:30,두산,기아,잠실야구장,SCHEDULED,,,
2025,2025-0322,2025-06-05,18:30,SSG,삼성,인천SSG랜더스필드,SCHEDULED,,,
2025,2025-0323,2025-06-05,18:30,한화,KT,대전한화생명볼파크,SCHEDULED,,,
2025,2025-0324,2025-06-05,18:30,롯데,키움,사직야구장,SCHEDULED,,,
2025,2025-0325,2025-06-05,18:30,NC,LG,창원NC파크,SCHEDULED,,,
2025,2025-0326,2025-06-06,18:30,두산,롯데,잠실야구장,SCHEDULED,,,
2025,2025-0327,2025-06-06,18:30,키움,LG,고척스카이돔,SCHEDULED,,,
2025,2025-0328,2025-06-06,18:30,KT,SSG,수원KT위즈파크,SCHEDULED,,,
2025,2025-0329,2025-06-06,18:30,삼성,NC,대구삼성라이온즈파크,SCHEDULED,,,
2025,2025-0330,2025-06-06,18:30,기아,한화,광주기아챔피언스필드,SCHEDULED,,,
2025,2025-0331,2025-06-07,17:00,두산,롯데,잠실야구장,SCHEDULED,,,
2025,2025-0332,2025-06-07,17:00,키움,LG,고척스카이돔,SCHEDULED,,,
2025,2025-0333,2025-06-07,17:00,KT,SSG,수원KT위즈파크,SCHEDULED,,,
2025,2025-0334,2025-06-07,17:00,삼성,NC,대구삼성라이온즈파크,SCHEDULED,,,
2025,2025-0335,2025-06-07,17:00,기아,한화,광주기아챔피언스필드,SCHEDULED,,,
2025,2025-0336,2025-06-08,17:00,두산,롯데,잠실야구장,SCHEDULED,,,
2025,2025-0337,2025-06-08,14:00,키움,LG,고척스카이돔,SCHEDULED,,,
2025,2025-0338,2025-06-08,17:00,KT,SSG,수원KT위즈파크,SCHEDULED,,,
2025,2025-0339,2025-06-08,17:00,삼성,NC,대구삼성라이온즈파크,SCHEDULED,,,
2025,2025-0340,2025-06-08,17:00,기아,한화,광주기아챔피언스필드,SCHEDULED,,,
2025,2025-0341,2025-06-10,18:30,LG,SSG,잠실야구장,SCHEDULED,,,
2025,2025-0342,2025-06-10,18:30,키움,NC,고척스카이돔,SCHEDULED,,,
2025,2025-0343,2025-06-10,18:30,KT,롯데,수원KT위즈파크,SCHEDULED,,,
2025,2025-0344,2025-06-10,18:30,한화,두산,대전한화생명볼파크,SCHEDULED,,,
2025,2025-0345,2025-06-10,18:30,기아,삼성,광주기아챔피언스필드,SCHEDULED,,,
2025,2025-0346,2025-06-11,18:30,LG,SSG,잠실야구장,SCHEDULED,,,
2025,2025-0347,2025-06-11,18:30,키움,NC,고척스카이돔,SCHEDULED,,,
2025,2025-0348,2025-06-11,18:30,KT,롯데,수원KT위즈파크,SCHEDULED,,,
2025,2025-0349,2025-06-11,18:30,한화,두산,대전한화생명볼파크,SCHEDULED,,,
2025,2025-0350,2025-06-11,18:30,기아,삼성,광주기아챔피언스필드,SCHEDULED,,,
2025,2025-0351,2025-06-12,18:30,LG,SSG,잠실야구장,SCHEDULED,,,
2025,2025-0352,2025-06-12,18:30,키움,NC,고척스카이돔,SCHEDULED,,,
2025,2025-0353,2025-06-12,18:30,KT,롯데,수원KT위즈파크,SCHEDULED,,,
2025,2025-0354,2025-06-12,18:30,한화,두산,대전한화생명볼파크,SCHEDULED,,,
2025,2025-0355,2025-06-12,18:30,기아,삼성,광주기아챔피언스필드,SCHEDULED,,,
2025,2025-0356,2025-06-13,18:30,두산,키움,잠실야구장,SCHEDULED,,,
2025,2025-0357,2025-06-13,18:30,SSG,롯데,인천SSG랜더스필드,SCHEDULED,,,
2025,2025-0358,2025-06-13,18:30,한화,LG,대전한화생명볼파크,SCHEDULED,,,
2025,2025-0359,2025-06-13,18:30,삼성,KT,대구삼성라이온즈파크,SCHEDULED,,,
2025,2025-0360,2025-06-13,18:30,NC,기아,창원NC파크,SCHEDULED,,,
2025,2025-0361,2025-06-14,17:00,두산,키움,잠실야구장,SCHEDULED,,,
2025,2025-0362,2025-06-14,17:00,SSG,롯데,인천SSG랜더스필드,SCHEDULED,,,
2025,2025-0363,2025-06-14,17:00,한화,LG,대전한화생명볼파크,SCHEDULED,,,
2025,2025-0364,2025-06-14,17:00,삼성,KT,대구삼성라이온즈파크,SCHEDULED,,,
2025,2025-0365,2025-06-14,17:00,NC,기아,창원NC파크,SCHEDULED,,,
2025,2025-0366,2025-06-15,17:00,두산,키움,잠실야구장,SCHEDULED,,,
2025,2025-0367,2025-06-15,17:00,SSG,롯데,인천SSG랜더스필드,SCHEDULED,,,
2025,2025-0368,2025-06-15,17:00,한화,LG,대전한화생명볼파크,SCHEDULED,,,
2025,2025-0369,2025-06-15,17:00,삼성,KT,대구삼성라이온즈파크,SCHEDULED,,,
2025,2025-0370,2025-06-15,17:00,NC,기아,창원NC파크,SCHEDULED,,,
2025,2025-0371,2025-06-17,18:30,LG,NC,잠실야구장,SCHEDULED,,,
2025,2025-0372,2025-06-17,18:30,키움,SSG,고척스카이돔,SCHEDULED,,,
2025,2025-0373,2025-06-17,18:30,삼성,두산,대구삼성라이온즈파크,SCHEDULED,,,
2025,2025-0374,2025-06-17,18:30,기아,KT,광주기아챔피언스필드,SCHEDULED,,,
2025,2025-0375,2025-06-17,18:30,롯데,한화,사직야구장,SCHEDULED,,,
2025,2025-0376,2025-06-18,18:30,LG,NC,잠실야구장,SCHEDULED,,,
2025,2025-0377,2025-06-18,18:30,키움,SSG,고척스카이돔,SCHEDULED,,,
2025,2025-0378,2025-06-18,18:30,삼성,두산,대구삼성라이온즈파크,SCHEDULED,,,
2025,2025-0379,2025-06-18,18:30,기아,KT,광주기아챔피언스필드,SCHEDULED,,,
2025,2025-0380,2025-06-18,18:30,롯데,한화,사직야구장,SCHEDULED,,,
2025,2025-0381,2025-06-19,18:30,LG,NC,잠실야구장,SCHEDULED,,,
2025,2025-0382,2025-06-19,18:30,키움,SSG,고척스카이돔,SCHEDULED,,,
2025,2025-0383,2025-06-19,18:30,삼성,두산,대구삼성라이온즈파크,SCHEDULED,,,
2025,2025-0384,2025-06-19,18:30,기아,KT,광주기아챔피언스필드,SCHEDULED,,,
2025,2025-0385,2025-06-19,18:30,롯데,한화,사직야구장,SCHEDULED,,,
2025,2025-0386,2025-06-20,18:30,LG,두산,잠실야구장,SCHEDULED,,,
2025,2025-0387,2025-06-20,18:30,SSG,기아,인천SSG랜더스필드,SCHEDULED,,,
2025,2025-0388,2025-06-20,18:30,KT,NC,수원KT위즈파크,SCHEDULED,,,
2025,2025-0389,2025-06-20,18:30,한화,키움,대전한화생명볼파크,SCHEDULED,,,
2025,2025-0390,2025-06-20,18:30,롯데,삼성,사직야구장,SCHEDULED,,,
2025,2025-0391,2025-06-21,17:00,LG,두산,잠실야구장,SCHEDULED,,,
2025,2025-0392,2025-06-21,17:00,SSG,기아,인천SSG랜더스필드,SCHEDULED,,,
2025,2025-0393,2025-06-21,17:00,KT,NC,수원KT위즈파크,SCHEDULED,,,
2025,2025-0394,2025-06-21,17:00,한화,키움,대전한화생명볼파크,SCHEDULED,,,
2025,2025-0395,2025-06-21,17:00,롯데,삼성,사직야구장,SCHEDULED,,,
2025,2025-0396,2025-06-22,17:00,LG,두산,잠실야구장,SCHEDULED,,,
2025,2025-0397,2025-06-22,17:00,SSG,기아,인천SSG랜더스필드,SCHEDULED,,,
2025,2025-0398,2025-06-22,17:00,KT,NC,수원KT위즈파크,SCHEDULED,,,
2025,2025-0399,2025-06-22,17:00,한화,키움,대전한화생명볼파크,SCHEDULED,,,
2025,2025-0400,2025-06-22,17:00,롯데,삼성,사직야구장,SCHEDULED,,,
2025,2025-0401,2025-06-24,18:30,두산,SSG,잠실야구장,SCHEDULED,,,
2025,2025-0402,2025-06-24,18:30,키움,기아,고척스카이돔,SCHEDULED,,,
2025,2025-0403,2025-06-24,18:30,KT,LG,수원KT위즈파크,SCHEDULED,,,
2025,2025-0404,2025-06-24,18:30,삼성,한화,대구삼성라이온즈파크,SCHEDULED,,,
2025,2025-0405,2025-06-24,18:30,NC,롯데,창원NC파크,SCHEDULED,,,
2025,2025-0406,2025-06-25,18:30,두산,SSG,잠실야구장,SCHEDULED,,,
2025,2025-0407,2025-06-25,18:30,키움,기아,고척스카이돔,SCHEDULED,,,
2025,2025-0408,2025-06-25,18:30,KT,LG,수원KT위즈파크,SCHEDULED,,,
2025,2025-0409,2025-06-25,18:30,삼성,한화,대구삼성라이온즈파크,SCHEDULED,,,
2025,2025-0410,2025-06-25,18:30,NC,롯데,창원NC파크,SCHEDULED,,,
2025,2025-0411,2025-06-26,18:30,두산,SSG,잠실야구장,SCHEDULED,,,
2025,2025-0412,2025-06-26,18:30,키움,기아,고척스카이돔,SCHEDULED,,,
2025,2025-0413,2025-06-26,18:30,KT,LG,수원KT위즈파크,SCHEDULED,,,
2025,2025-0414,2025-06-26,18:30,삼성,한화,대구삼성라이온즈파크,SCHEDULED,,,
2025,2025-0415,2025-06-26,18:30,NC,롯데,창원NC파크,SCHEDULED,,,
2025,2025-0416,2025-06-27,18:30,LG,기아,잠실야구장,SCHEDULED,,,
2025,2025-0417,2025-06-27,18:30,키움,삼성,고척스카이돔,SCHEDULED,,,
2025,2025-0418,2025-06-27,18:30,SSG,한화,인천SSG랜더스필드,SCHEDULED,,,
2025,2025-0419,2025-06-27,18:30,롯데,KT,사직야구장,SCHEDULED,,,
2025,2025-0420,2025-06-27,18:30,NC,두산,창원NC파크,SCHEDULED,,,
2025,2025-0421,2025-06-28,17:00,LG,기아,잠실야구장,SCHEDULED,,,
2025,2025-0422,2025-06-28,17:00,키움,삼성,고척스카이돔,SCHEDULED,,,
2025,2025-0423,2025-06-28,17:00,SSG,한화,인천SSG랜더스필드,SCHEDULED,,,
2025,2025-0424,2025-06-28,17:00,롯데,KT,사직야구장,SCHEDULED,,,
2025,2025-0425,2025-06-28,17:00,NC,두산,창원NC파크,SCHEDULED,,,
2025,2025-0426,2025-06-29,17:00,LG,기아,잠실야구장,SCHEDULED,,,
2025,2025-0427,2025-06-29,14:00,키움,삼성,고척스카이돔,SCHEDULED,,,
2025,2025-0428,2025-06-29,17:00,SSG,한화,인천SSG랜더스필드,SCHEDULED,,,
2025,2025-0429,2025-06-29,17:00,롯데,KT,사직야구장,SCHEDULED,,,
2025,2025-0430,2025-06-29,17:00,NC,두산,창원NC파크,SCHEDULED,,,
2025,2025-0431,2025-07-01,18:30,두산,삼성,잠실야구장,SCHEDULED,,,
2025,2025-0432,2025-07-01,18:30,KT,키움,수원KT위즈파크,SCHEDULED,,,
2025,2025-0433,2025-07-01,18:30,한화,NC,대전한화생명볼파크,SCHEDULED,,,
2025,2025-0434,2025-07-01,18:30,기아,SSG,광주기아챔피언스필드,SCHEDULED,,,
2025,2025-0435,2025-07-01,18:30,롯데,LG,사직야구장,SCHEDULED,,,
2025,2025-0436,2025-07-02,18:30,두산,삼성,잠실야구장,SCHEDULED,,,
2025,2025-0437,2025-07-02,18:30,KT,키움,수원KT위즈파크,SCHEDULED,,,
2025,2025-0438,2025-07-02,18:30,한화,NC,대전한화생명볼파크,SCHEDULED,,,
2025,2025-0439,2025-07-02,18:30,기아,SSG,광주기아챔피언스필드,SCHEDULED,,,
2025,2025-0440,2025-07-02,18:30,롯데,LG,사직야구장,SCHEDULED,,,
2025,2025-0441,2025-07-03,18:30,두산,삼성,잠실야구장,SCHEDULED,,,
2025,2025-0442,2025-07-03,18:30,KT,키움,수원KT위즈파크,SCHEDULED,,,
2025,2025-0443,2025-07-03,18:30,한화,NC,대전한화생명볼파크,SCHEDULED,,,
2025,2025-0444,2025-07-03,18:30,기아,SSG,광주기아챔피언스필드,SCHEDULED,,,
2025,2025-0445,2025-07-03,18:30,롯데,LG,사직야구장,SCHEDULED,,,
2025,2025-0446,2025-07-04,18:30,두산,KT,잠실야구장,SCHEDULED,,,
2025,2025-0447,2025-07-04,18:30,키움,한화,고척스카이돔,SCHEDULED,,,
2025,2025-0448,2025-07-04,18:30,삼성,LG,대구삼성라이온즈파크,SCHEDULED,,,
2025,2025-0449,2025-07-04,18:30,기아,롯데,광주기아챔피언스필드,SCHEDULED,,,
2025,2025-0450,2025-07-04,18:30,NC,SSG,창원NC파크,SCHEDULED,,,
2025,2025-0451,2025-07-05,18:00,두산,KT,잠실야구장,SCHEDULED,,,
2025,2025-0452,2025-07-05,18:00,키움,한화,고척스카이돔,SCHEDULED,,,
2025,2025-0453,2025-07-05,18:00,삼성,LG,대구삼성라이온즈파크,SCHEDULED,,,
2025,2025-0454,2025-07-05,18:00,기아,롯데,광주기아챔피언스필드,SCHEDULED,,,
2025,2025-0455,2025-07-05,18:00,NC,SSG,창원NC파크,SCHEDULED,,,
2025,2025-0456,2025-07-06,18:00,두산,KT,잠실야구장,SCHEDULED,,,
2025,2025-0457,2025-07-06,14:00,키움,한화,고척스카이돔,SCHEDULED,,,
2025,2025-0458,2025-07-06,18:00,삼성,LG,대구삼성라이온즈파크,SCHEDULED,,,
2025,2025-0459,2025-07-06,18:00,기아,롯데,광주기아챔피언스필드,SCHEDULED,,,
2025,2025-0460,2025-07-06,18:00,NC,SSG,창원NC파크,SCHEDULED,,,
2025,2025-0461,2025-07-08,18:30,LG,키움,잠실야구장,SCHEDULED,,,
2025,2025-0462,2025-07-08,18:30,SSG,KT,인천SSG랜더스필드,SCHEDULED,,,
2025,2025-0463,2025-07-08,18:30,한화,기아,대전한화생명볼파크,SCHEDULED,,,
2025,2025-0464,2025-07-08,18:30,롯데,두산,사직야구장,SCHEDULED,,,
2025,2025-0465,2025-07-08,18:30,NC,삼성,창원NC파크,SCHEDULED,,,
2025,2025-0466,2025-07-09,18:30,LG,키움,잠실야구장,SCHEDULED,,,
2025,2025-0467,2025-07-09,18:30,SSG,KT,인천SSG랜더스필드,SCHEDULED,,,
2025,2025-0468,2025-07-09,18:30,한화,기아,대전한화생명볼파크,SCHEDULED,,,
2025,2025-0469,2025-07-09,18:30,롯데,두산,사직야구장,SCHEDULED,,,
2025,2025-0470,2025-07-09,18:30,NC,삼성,창원NC파크,SCHEDULED,,,
2025,2025-0471,2025-07-10,18:30,LG,키움,잠실야구장,SCHEDULED,,,
2025,2025-0472,2025-07-10,18:30,SSG,KT,인천SSG랜더스필드,SCHEDULED,,,
2025,2025-0473,2025-07-10,18:30,한화,기아,대전한화생명볼파크,SCHEDULED,,,
2025,2025-0474,2025-07-10,18:30,롯데,두산,사직야구장,SCHEDULED,,,
2025,2025-0475,2025-07-10,18:30,NC,삼성,창원NC파크,SCHEDULED,,,
2025,2025-0476,2025-07-17,18:30,LG,롯데,잠실야구장,SCHEDULED,,,
2025,2025-0477,2025-07-17,18:30,SSG,두산,인천SSG랜더스필드,SCHEDULED,,,
2025,2025-0478,2025-07-17,18:30,KT,한화,수원KT위즈파크,SCHEDULED,,,
2025,2025-0479,2025-07-17,18:30,삼성,키움,대구삼성라이온즈파크,SCHEDULED,,,
2025,2025-0480,2025-07-17,18:30,기아,NC,광주기아챔피언스필드,SCHEDULED,,,
2025,2025-0481,2025-07-18,18:30,LG,롯데,잠실야구장,SCHEDULED,,,
2025,2025-0482,2025-07-18,18:30,SSG,두산,인천SSG랜더스필드,SCHEDULED,,,
2025,2025-0483,2025-07-18,18:30,KT,한화,수원KT위즈파크,SCHEDULED,,,
2025,2025-0484,2025-07-18,18:30,삼성,키움,대구삼성라이온즈파크,SCHEDULED,,,
2025,2025-0485,2025-07-18,18:30,기아,NC,광주기아챔피언스필드,SCHEDULED,,,
2025,2025-0486,2025-07-19,18:00,LG,롯데,잠실야구장,SCHEDULED,,,
2025,2025-0487,2025-07-19,18:00,SSG,두산,인천SSG랜더스필드,SCHEDULED,,,
2025,2025-0488,2025-07-19,18:00,KT,한화,수원KT위즈파크,SCHEDULED,,,
2025,2025-0489,2025-07-19,18:00,삼성,키움,대구삼성라이온즈파크,SCHEDULED,,,
2025,2025-0490,2025-07-19,18:00,기아,NC,광주기아챔피언스필드,SCHEDULED,,,
2025,2025-0491,2025-07-20,18:00,LG,롯데,잠실야구장,SCHEDULED,,,
2025,2025-0492,2025-07-20,18:00,SSG,두산,인천SSG랜더스필드,SCHEDULED,,,
2025,2025-0493,2025-07-20,18:00,KT,한화,수원KT위즈파크,SCHEDULED,,,
2025,2025-0494,2025-07-20,18:00,삼성,키움,대구삼성라이온즈파크,SCHEDULED,,,
2025,2025-0495,2025-07-20,18:00,기아,NC,광주기아챔피언스필드,SCHEDULED,,,
2025,2025-0496,2025-07-22,18:30,두산,한화,잠실야구장,SCHEDULED,,,
2025,2025-0497,2025-07-22,18:30,키움,롯데,고척스카이돔,SCHEDULED,,,
2025,2025-0498,2025-07-22,18:30,삼성,SSG,대구삼성라이온즈파크,SCHEDULED,,,
2025,2025-0499,2025-07-22,18:30,기아,LG,광주기아챔피언스필드,SCHEDULED,,,
2025,2025-0500,2025-07-22,18:30,NC,KT,창원NC파크,SCHEDULED,,,
2025,2025-0501,2025-07-23,18:30,두산,한화,잠실야구장,SCHEDULED,,,
2025,2025-0502,2025-07-23,18:30,키움,롯데,고척스카이돔,SCHEDULED,,,
2025,2025-0503,2025-07-23,18:30,삼성,SSG,대구삼성라이온즈파크,SCHEDULED,,,
2025,2025-0504,2025-07-23,18:30,기아,LG,광주기아챔피언스필드,SCHEDULED,,,
2025,2025-0505,2025-07-23,18:30,NC,KT,창원NC파크,SCHEDULED,,,
2025,2025-0506,2025-07-24,18:30,두산,한화,잠실야구장,SCHEDULED,,,
2025,2025-0507,2025-07-24,18:30,키움,롯데,고척스카이돔,SCHEDULED,,,
2025,2025-0508,2025-07-24,18:30,삼성,SSG,대구삼성라이온즈파크,SCHEDULED,,,
2025,2025-0509,2025-07-24,18:30,기아,LG,광주기아챔피언스필드,SCHEDULED,,,
2025,2025-0510,2025-07-24,18:30,NC,KT,창원NC파크,SCHEDULED,,,
2025,2025-0511,2025-07-25,18:30,두산,LG,잠실야구장,SCHEDULED,,,
2025,2025-0512,2025-07-25,18:30,KT,삼성,수원KT위즈파크,SCHEDULED,,,
2025,2025-0513,2025-07-25,18:30,한화,SSG,대전한화생명볼파크,SCHEDULED,,,
2025,2025-0514,2025-07-25,18:30,롯데,기아,사직야구장,SCHEDULED,,,
2025,2025-0515,2025-07-25,18:30,NC,키움,창원NC파크,SCHEDULED,,,
2025,2025-0516,2025-07-26,18:00,두산,LG,잠실야구장,SCHEDULED,,,
2025,2025-0517,2025-07-26,18:00,KT,삼성,수원KT위즈파크,SCHEDULED,,,
2025,2025-0518,2025-07-26,18:00,한화,SSG,대전한화생명볼파크,SCHEDULED,,,
2025,2025-0519,2025-07-26,18:00,롯데,기아,사직야구장,SCHEDULED,,,
2025,2025-0520,2025-07-26,18:00,NC,키움,창원NC파크,SCHEDULED,,,
2025,2025-0521,2025-07-27,18:00,두산,LG,잠실야구장,SCHEDULED,,,
2025,2025-0522,2025-07-27,18:00,KT,삼성,수원KT위즈파크,SCHEDULED,,,
2025,2025-0523,2025-07-27,18:00,한화,SSG,대전한화생명볼파크,SCHEDULED,,,
2025,2025-0524,2025-07-27,18:00,롯데,기아,사직야구장,SCHEDULED,,,
2025,2025-0525,2025-07-27,18:00,NC,키움,창원NC파크,SCHEDULED,,,
2025,2025-0526,2025-07-29,18:30,LG,KT,잠실야구장,SCHEDULED,,,
2025,2025-0527,2025-07-29,18:30,SSG,키움,인천SSG랜더스필드,SCHEDULED,,,
2025,2025-0528,2025-07-29,18:30,한화,삼성,대전한화생명볼파크,SCHEDULED,,,
2025,2025-0529,2025-07-29,18:30,기아,두산,광주기아챔피언스필드,SCHEDULED,,,
2025,2025-0530,2025-07-29,18:30,롯데,NC,사직야구장,SCHEDULED,,,
2025,2025-0531,2025-07-30,18:30,LG,KT,잠실야구장,SCHEDULED,,,
2025,2025-0532,2025-07-30,18:30,SSG,키움,인천SSG랜더스필드,SCHEDULED,,,
2025,2025-0533,2025-07-30,18:30,한화,삼성,대전한화생명볼파크,SCHEDULED,,,
2025,2025-0534,2025-07-30,18:30,기아,두산,광주기아챔피언스필드,SCHEDULED,,,
2025,2025-0535,2025-07-30,18:30,롯데,NC,사직야구장,SCHEDULED,,,
2025,2025-0536,2025-07-31,18:30,LG,KT,잠실야구장,SCHEDULED,,,
2025,2025-0537,2025-07-31,18:30,SSG,키움,인천SSG랜더스필드,SCHEDULED,,,
2025,2025-0538,2025-07-31,18:30,한화,삼성,대전한화생명볼파크,SCHEDULED,,,
2025,2025-0539,2025-07-31,18:30,기아,두산,광주기아챔피언스필드,SCHEDULED,,,
2025,2025-0540,2025-07-31,18:30,롯데,NC,사직야구장,SCHEDULED,,,
2025,2025-0541,2025-08-01,18:30,두산,SSG,잠실야구장,SCHEDULED,,,
2025,2025-0542,2025-08-01,18:30,키움,롯데,고척스카이돔,SCHEDULED,,,
2025,2025-0543,2025-08-01,18:30,KT,NC,수원KT위즈파크,SCHEDULED,,,
2025,2025-0544,2025-08-01,18:30,삼성,LG,대구삼성라이온즈파크,SCHEDULED,,,
2025,2025-0545,2025-08-01,18:30,기아,한화,광주기아챔피언스필드,SCHEDULED,,,
2025,2025-0546,2025-08-02,18:00,두산,SSG,잠실야구장,SCHEDULED,,,
2025,2025-0547,2025-08-02,18:00,키움,롯데,고척스카이돔,SCHEDULED,,,
2025,2025-0548,2025-08-02,18:00,KT,NC,수원KT위즈파크,SCHEDULED,,,
2025,2025-0549,2025-08-02,18:00,삼성,LG,대구삼성라이온즈파크,SCHEDULED,,,
2025,2025-0550,2025-08-02,18:00,기아,한화,광주기아챔피언스필드,SCHEDULED,,,
2025,2025-0551,2025-08-03,18:00,두산,SSG,잠실야구장,SCHEDULED,,,
2025,2025-0552,2025-08-03,14:00,키움,롯데,고척스카이돔,SCHEDULED,,,
2025,2025-0553,2025-08-03,18:00,KT,NC,수원KT위즈파크,SCHEDULED,,,
2025,2025-0554,2025-08-03,18:00,삼성,LG,대구삼성라이온즈파크,SCHEDULED,,,
2025,2025-0555,2025-08-03,18:00,기아,한화,광주기아챔피언스필드,SCHEDULED,,,
2025,2025-0556,2025-08-05,18:30,LG,두산,잠실야구장,SCHEDULED,,,
2025,2025-0557,2025-08-05,18:30,SSG,삼성,인천SSG랜더스필드,SCHEDULED,,,
2025,2025-0558,2025-08-05,18:30,한화,KT,대전한화생명볼파크,SCHEDULED,,,
2025,2025-0559,2025-08-05,18:30,롯데,기아,사직야구장,SCHEDULED,,,
2025,2025-0560,2025-08-05,18:30,NC,키움,창원NC파크,SCHEDULED,,,
2025,2025-0561,2025-08-06,18:30,LG,두산,잠실야구장,SCHEDULED,,,
2025,2025-0562,2025-08-06,18:30,SSG,삼성,인천SSG랜더스필드,SCHEDULED,,,
2025,2025-0563,2025-08-06,18:30,한화,KT,대전한화생명볼파크,SCHEDULED,,,
2025,2025-0564,2025-08-06,18:30,롯데,기아,사직야구장,SCHEDULED,,,
2025,2025-0565,2025-08-06,18:30,NC,키움,창원NC파크,SCHEDULED,,,
2025,2025-0566,2025-08-07,18:30,LG,두산,잠실야구장,SCHEDULED,,,
2025,2025-0567,2025-08-07,18:30,SSG,삼성,인천SSG랜더스필드,SCHEDULED,,,
2025,2025-0568,2025-08-07,18:30,한화,KT,대전한화생명볼파크,SCHEDULED,,,
2025,2025-0569,2025-08-07,18:30,롯데,기아,사직야구장,SCHEDULED,,,
2025,2025-0570,2025-08-07,18:30,NC,키움,창원NC파크,SCHEDULED,,,
2025,2025-0571,2025-08-08,18:30,LG,한화,잠실야구장,SCHEDULED,,,
2025,2025-0572,2025-08-08,18:30,키움,두산,고척스카이돔,SCHEDULED,,,
2025,2025-0573,2025-08-08,18:30,KT,삼성,수원KT위즈파크,SCHEDULED,,,
2025,2025-0574,2025-08-08,18:30,기아,NC,광주기아챔피언스필드,SCHEDULED,,,
2025,2025-0575,2025-08-08,18:30,롯데,SSG,사직야구장,SCHEDULED,,,
2025,2025-0576,2025-08-09,18:00,LG,한화,잠실야구장,SCHEDULED,,,
2025,2025-0577,2025-08-09,18:00,키움,두산,고척스카이돔,SCHEDULED,,,
2025,2025-0578,2025-08-09,18:00,KT,삼성,수원KT위즈파크,SCHEDULED,,,
2025,2025-0579,2025-08-09,18:00,기아,NC,광주기아챔피언스필드,SCHEDULED,,,
2025,2025-0580,2025-08-09,18:00,롯데,SSG,사직야구장,SCHEDULED,,,
2025,2025-0581,2025-08-10,18:00,LG,한화,잠실야구장,SCHEDULED,,,
2025,2025-0582,2025-08-10,14:00,키움,두산,고척스카이돔,SCHEDULED,,,
2025,2025-0583,2025-08-10,18:00,KT,삼성,수원KT위즈파크,SCHEDULED,,,
2025,2025-0584,2025-08-10,18:00,기아,NC,광주기아챔피언스필드,SCHEDULED,,,
2025,2025-0585,2025-08-10,18:00,롯데,SSG,사직야구장,SCHEDULED,,,
2025,2025-0586,2025-08-12,18:30,두산,NC,잠실야구장,SCHEDULED,,,
2025,2025-0587,2025-08-12,18:30,SSG,키움,인천SSG랜더스필드,SCHEDULED,,,
2025,2025-0588,2025-08-12,18:30,KT,LG,수원KT위즈파크,SCHEDULED,,,
2025,2025-0589,2025-08-12,18:30,한화,롯데,대전한화생명볼파크,SCHEDULED,,,
2025,2025-0590,2025-08-12,18:30,삼성,기아,대구삼성라이온즈파크,SCHEDULED,,,
2025,2025-0591,2025-08-13,18:30,두산,NC,잠실야구장,SCHEDULED,,,
2025,2025-0592,2025-08-13,18:30,SSG,키움,인천SSG랜더스필드,SCHEDULED,,,
2025,2025-0593,2025-08-13,18:30,KT,LG,수원KT위즈파크,SCHEDULED,,,
2025,2025-0594,2025-08-13,18:30,한화,롯데,대전한화생명볼파크,SCHEDULED,,,
2025,2025-0595,2025-08-13,18:30,삼성,기아,대구삼성라이온즈파크,SCHEDULED,,,
2025,2025-0596,2025-08-14,18:30,두산,NC,잠실야구장,SCHEDULED,,,
2025,2025-0597,2025-08-14,18:30,SSG,키움,인천SSG랜더스필드,SCHEDULED,,,
2025,2025-0598,2025-08-14,18:30,KT,LG,수원KT위즈파크,SCHEDULED,,,
2025,2025-0599,2025-08-14,18:30,한화,롯데,대전한화생명볼파크,SCHEDULED,,,
2025,2025-0600,2025-08-14,18:30,삼성,기아,대구삼성라이온즈파크,SCHEDULED,,,
2025,2025-0601,2025-08-15,18:30,두산,기아,잠실야구장,SCHEDULED,,,
2025,2025-0602,2025-08-15,18:30,키움,KT,고척스카이돔,SCHEDULED,,,
2025,2025-0603,2025-08-15,18:30,SSG,LG,인천SSG랜더스필드,SCHEDULED,,,
2025,2025-0604,2025-08-15,18:30,롯데,삼성,사직야구장,SCHEDULED,,,
2025,2025-0605,2025-08-15,18:30,NC,한화,창원NC파크,SCHEDULED,,,
2025,2025-0606,2025-08-16,18:00,두산,기아,잠실야구장,SCHEDULED,,,
2025,2025-0607,2025-08-16,18:00,키움,KT,고척스카이돔,SCHEDULED,,,
2025,2025-0608,2025-08-16,18:00,SSG,LG,인천SSG랜더스필드,SCHEDULED,,,
2025,2025-0609,2025-08-16,18:00,롯데,삼성,사직야구장,SCHEDULED,,,
2025,2025-0610,2025-08-16,18:00,NC,한화,창원NC파크,SCHEDULED,,,
2025,2025-0611,2025-08-17,18:00,두산,기아,잠실야구장,SCHEDULED,,,
2025,2025-0612,2025-08-17,14:00,키움,KT,고척스카이돔,SCHEDULED,,,
2025,2025-0613,2025-08-17,18:00,SSG,LG,인천SSG랜더스필드,SCHEDULED,,,
2025,2025-0614,2025-08-17,18:00,롯데,삼성,사직야구장,SCHEDULED,,,
2025,2025-0615,2025-08-17,18:00,NC,한화,창원NC파크,SCHEDULED,,,
2025,2025-0616,2025-08-19,18:30,LG,롯데,잠실야구장,SCHEDULED,,,
2025,2025-0617,2025-08-19,18:30,KT,SSG,수원KT위즈파크,SCHEDULED,,,
2025,2025-0618,2025-08-19,18:30,한화,두산,대전한화생명볼파크,SCHEDULED,,,
2025,2025-0619,2025-08-19,18:30,삼성,NC,대구삼성라이온즈파크,SCHEDULED,,,
2025,2025-0620,2025-08-19,18:30,기아,키움,광주기아챔피언스필드,SCHEDULED,,,
2025,2025-0621,2025-08-20,18:30,LG,롯데,잠실야구장,SCHEDULED,,,
2025,2025-0622,2025-08-20,18:30,KT,SSG,수원KT위즈파크,SCHEDULED,,,
2025,2025-0623,2025-08-20,18:30,한화,두산,대전한화생명볼파크,SCHEDULED,,,
2025,2025-0624,2025-08-20,18:30,삼성,NC,대구삼성라이온즈파크,SCHEDULED,,,
2025,2025-0625,2025-08-20,18:30,기아,키움,광주기아챔피언스필드,SCHEDULED,,,
2025,2025-0626,2025-08-21,18:30,LG,롯데,잠실야구장,SCHEDULED,,,
2025,2025-0627,2025-08-21,18:30,KT,SSG,수원KT위즈파크,SCHEDULED,,,
2025,2025-0628,2025-08-21,18:30,한화,두산,대전한화생명볼파크,SCHEDULED,,,
2025,2025-0629,2025-08-21,18:30,삼성,NC,대구삼성라이온즈파크,SCHEDULED,,,
2025,2025-0630,2025-08-21,18:30,기아,키움,광주기아챔피언스필드,SCHEDULED,,,
2025,2025-0631,2025-08-22,18:30,두산,KT,잠실야구장,SCHEDULED,,,
2025,2025-0632,2025-08-22,18:30,한화,SSG,대전한화생명볼파크,SCHEDULED,,,
2025,2025-0633,2025-08-22,18:30,삼성,키움,대구삼성라이온즈파크,SCHEDULED,,,
2025,2025-0634,2025-08-22,18:30,기아,LG,광주기아챔피언스필드,SCHEDULED,,,
2025,2025-0635,2025-08-22,18:30,NC,롯데,창원NC파크,SCHEDULED,,,
2025,2025-0636,2025-08-23,18:00,두산,KT,잠실야구장,SCHEDULED,,,
2025,2025-0637,2025-08-23,18:00,한화,SSG,대전한화생명볼파크,SCHEDULED,,,
2025,2025-0638,2025-08-23,18:00,삼성,키움,대구삼성라이온즈파크,SCHEDULED,,,
2025,2025-0639,2025-08-23,18:00,기아,LG,광주기아챔피언스필드,SCHEDULED,,,
2025,2025-0640,2025-08-23,18:00,NC,롯데,창원NC파크,SCHEDULED,,,
2025,2025-0641,2025-08-24,18:00,두산,KT,잠실야구장,SCHEDULED,,,
2025,2025-0642,2025-08-24,18:00,한화,SSG,대전한화생명볼파크,SCHEDULED,,,
2025,2025-0643,2025-08-24,18:00,삼성,키움,대구삼성라이온즈파크,SCHEDULED,,,
2025,2025-0644,2025-08-24,18:00,기아,LG,광주기아챔피언스필드,SCHEDULED,,,
2025,2025-0645,2025-08-24,18:00,NC,롯데,창원NC파크,SCHEDULED,,,
2025,2025-0646,2025-08-26,18:30,두산,삼성,잠실야구장,SCHEDULED,,,
2025,2025-0647,2025-08-26,18:30,키움,한화,고척스카이돔,SCHEDULED,,,
2025,2025-0648,2025-08-26,18:30,SSG,기아,인천SSG랜더스필드,SCHEDULED,,,
2025,2025-0649,2025-08-26,18:30,롯데,KT,사직야구장,SCHEDULED,,,
2025,2025-0650,2025-08-26,18:30,NC,LG,창원NC파크,SCHEDULED,,,
2025,2025-0651,2025-08-27,18:30,두산,삼성,잠실야구장,SCHEDULED,,,
2025,2025-0652,2025-08-27,18:30,키움,한화,고척스카이돔,SCHEDULED,,,
2025,2025-0653,2025-08-27,18:30,SSG,기아,인천SSG랜더스필드,SCHEDULED,,,
2025,2025-0654,2025-08-27,18:30,롯데,KT,사직야구장,SCHEDULED,,,
2025,2025-0655,2025-08-27,18:30,NC,LG,창원NC파크,SCHEDULED,,,
2025,2025-0656,2025-08-28,18:30,두산,삼성,잠실야구장,SCHEDULED,,,
2025,2025-0657,2025-08-28,18:30,키움,한화,고척스카이돔,SCHEDULED,,,
2025,2025-0658,2025-08-28,18:30,SSG,기아,인천SSG랜더스필드,SCHEDULED,,,
2025,2025-0659,2025-08-28,18:30,롯데,KT,사직야구장,SCHEDULED,,,
2025,2025-0660,2025-08-28,18:30,NC,LG,창원NC파크,SCHEDULED,,,
2025,2025-0661,2025-08-29,18:30,LG,키움,잠실야구장,SCHEDULED,,,
2025,2025-0662,2025-08-29,18:30,SSG,NC,인천SSG랜더스필드,SCHEDULED,,,
2025,2025-0663,2025-08-29,18:30,KT,기아,수원KT위즈파크,SCHEDULED,,,
2025,2025-0664,2025-08-29,18:30,한화,삼성,대전한화생명볼파크,SCHEDULED,,,
2025,2025-0665,2025-08-29,18:30,롯데,두산,사직야구장,SCHEDULED,,,
2025,2025-0666,2025-08-30,18:00,LG,키움,잠실야구장,SCHEDULED,,,
2025,2025-0667,2025-08-30,18:00,SSG,NC,인천SSG랜더스필드,SCHEDULED,,,
2025,2025-0668,2025-08-30,18:00,KT,기아,수원KT위즈파크,SCHEDULED,,,
2025,2025-0669,2025-08-30,18:00,한화,삼성,대전한화생명볼파크,SCHEDULED,,,
2025,2025-0670,2025-08-30,18:00,롯데,두산,사직야구장,SCHEDULED,,,
2025,2025-0671,2025-08-31,18:00,LG,키움,잠실야구장,SCHEDULED,,,
2025,2025-0672,2025-08-31,18:00,SSG,NC,인천SSG랜더스필드,SCHEDULED,,,
2025,2025-0673,2025-08-31,18:00,KT,기아,수원KT위즈파크,SCHEDULED,,,
2025,2025-0674,2025-08-31,18:00,한화,삼성,대전한화생명볼파크,SCHEDULED,,,
2025,2025-0675,2025-08-31,18:00,롯데,두산,사직야구장,SCHEDULED,,,
2025,2025-0676,2025-09-02,18:30,LG,롯데,잠실야구장,SCHEDULED,,,
2025,2025-0677,2025-09-02,18:30,SSG,키움,인천SSG랜더스필드,SCHEDULED,,,
2025,2025-0678,2025-09-02,18:30,KT,NC,수원KT위즈파크,SCHEDULED,,,
2025,2025-0679,2025-09-02,18:30,한화,기아,대전한화생명볼파크,SCHEDULED,,,
2025,2025-0680,2025-09-03,18:30,KT,롯데,수원KT위즈파크,SCHEDULED,,,
2025,2025-0681,2025-09-03,18:30,한화,NC,대전한화생명볼파크,SCHEDULED,,,
2025,2025-0682,2025-09-03,18:30,삼성,키움,대구삼성라이온즈파크,SCHEDULED,,,
2025,2025-0683,2025-09-03,18:30,기아,SSG,광주기아챔피언스필드,SCHEDULED,,,
2025,2025-0684,2025-09-04,18:30,KT,LG,수원KT위즈파크,SCHEDULED,,,
2025,2025-0685,2025-09-04,18:30,삼성,키움,대구삼성라이온즈파크,SCHEDULED,,,
2025,2025-0686,2025-09-04,18:30,기아,SSG,광주기아챔피언스필드,SCHEDULED,,,
2025,2025-0687,2025-09-04,18:30,NC,두산,창원NC파크,SCHEDULED,,,
2025,2025-0688,2025-09-05,18:30,SSG,롯데,인천SSG랜더스필드,SCHEDULED,,,
2025,2025-0689,2025-09-05,18:30,삼성,키움,대구삼성라이온즈파크,SCHEDULED,,,
2025,2025-0690,2025-09-05,18:30,기아,KT,광주기아챔피언스필드,SCHEDULED,,,
2025,2025-0691,2025-09-05,18:30,NC,두산,창원NC파크,SCHEDULED,,,
2025,2025-0692,2025-09-06,17:00,두산,LG,잠실야구장,SCHEDULED,,,
2025,2025-0693,2025-09-06,17:00,SSG,롯데,인천SSG랜더스필드,SCHEDULED,,,
2025,2025-0694,2025-09-06,17:00,삼성,한화,대구삼성라이온즈파크,SCHEDULED,,,
2025,2025-0695,2025-09-06,17:00,NC,기아,창원NC파크,SCHEDULED,,,
2025,2025-0696,2025-09-07,17:00,LG,SSG,잠실야구장,SCHEDULED,,,
2025,2025-0697,2025-09-07,17:00,삼성,한화,대구삼성라이온즈파크,SCHEDULED,,,
2025,2025-0698,2025-09-07,17:00,NC,기아,창원NC파크,SCHEDULED,,,
2025,2025-0699,2025-09-09,18:30,키움,LG,고척스카이돔,SCHEDULED,,,
2025,2025-0700,2025-09-09,18:30,KT,두산,수원KT위즈파크,SCHEDULED,,,
2025,2025-0701,2025-09-09,18:30,기아,삼성,광주기아챔피언스필드,SCHEDULED,,,
2025,2025-0702,2025-09-09,18:30,롯데,한화,사직야구장,SCHEDULED,,,
2025,2025-0703,2025-09-09,18:30,NC,SSG,창원NC파크,SCHEDULED,,,
2025,2025-0704,2025-09-10,18:30,기아,삼성,광주기아챔피언스필드,SCHEDULED,,,
2025,2025-0705,2025-09-10,18:30,롯데,한화,사직야구장,SCHEDULED,,,
2025,2025-0706,2025-09-10,18:30,NC,SSG,창원NC파크,SCHEDULED,,,
2025,2025-0707,2025-09-11,18:30,LG,KT,잠실야구장,SCHEDULED,,,
2025,2025-0708,2025-09-11,18:30,키움,NC,고척스카이돔,SCHEDULED,,,
2025,2025-0709,2025-09-11,18:30,삼성,SSG,대구삼성라이온즈파크,SCHEDULED,,,
2025,2025-0710,2025-09-11,18:30,기아,롯데,광주기아챔피언스필드,SCHEDULED,,,
2025,2025-0711,2025-09-12,18:30,LG,NC,잠실야구장,SCHEDULED,,,
2025,2025-0712,2025-09-12,18:30,한화,키움,대전한화생명볼파크,SCHEDULED,,,
2025,2025-0713,2025-09-12,18:30,기아,두산,광주기아챔피언스필드,SCHEDULED,,,
2025,2025-0714,2025-09-13,17:00,LG,기아,잠실야구장,SCHEDULED,,,
2025,2025-0715,2025-09-13,17:00,한화,키움,대전한화생명볼파크,SCHEDULED,,,
2025,2025-0716,2025-09-13,17:00,삼성,KT,대구삼성라이온즈파크,SCHEDULED,,,
2025,2025-0717,2025-09-13,17:00,롯데,SSG,사직야구장,SCHEDULED,,,
2025,2025-0718,2025-09-13,17:00,NC,두산,창원NC파크,SCHEDULED,,,
2025,2025-0719,2025-09-14,17:00,LG,기아,잠실야구장,SCHEDULED,,,
2025,2025-0720,2025-09-14,17:00,한화,키움,대전한화생명볼파크,SCHEDULED,,,
2025,2025-0721,2025-09-14,17:00,삼성,KT,대구삼성라이온즈파크,SCHEDULED,,,
2025,2025-0722,2025-09-14,17:00,NC,두산,창원NC파크,SCHEDULED,,,
2025,2025-0723,2025-09-16,18:30,두산,키움,잠실야구장,SCHEDULED,,,
2025,2025-0724,2025-09-16,18:30,KT,LG,수원KT위즈파크,SCHEDULED,,,
2025,2025-0725,2025-09-16,18:30,삼성,롯데,대구삼성라이온즈파크,SCHEDULED,,,
2025,2025-0726,2025-09-16,18:30,기아,한화,광주기아챔피언스필드,SCHEDULED,,,
2025,2025-0727,2025-09-16,18:30,NC,SSG,창원NC파크,SCHEDULED,,,
2025,2025-0728,2025-09-17,18:30,두산,키움,잠실야구장,SCHEDULED,,,
2025,2025-0729,2025-09-17,18:30,KT,LG,수원KT위즈파크,SCHEDULED,,,
2025,2025-0730,2025-09-17,18:30,삼성,롯데,대구삼성라이온즈파크,SCHEDULED,,,
2025,2025-0731,2025-09-17,18:30,기아,한화,광주기아챔피언스필드,SCHEDULED,,,
2025,2025-0732,2025-09-17,18:30,NC,SSG,창원NC파크,SCHEDULED,,,
2025,2025-0733,2025-09-18,18:30,두산,키움,잠실야구장,SCHEDULED,,,
2025,2025-0734,2025-09-18,18:30,KT,LG,수원KT위즈파크,SCHEDULED,,,
2025,2025-0735,2025-09-18,18:30,기아,한화,광주기아챔피언스필드,SCHEDULED,,,
2025,2025-0736,2025-09-18,18:30,NC,삼성,창원NC파크,SCHEDULED,,,
2025,2025-0737,2025-09-19,18:30,SSG,두산,인천SSG랜더스필드,SCHEDULED,,,
2025,2025-0738,2025-09-19,18:30,KT,한화,수원KT위즈파크,SCHEDULED,,,
2025,2025-0739,2025-09-19,18:30,NC,롯데,창원NC파크,SCHEDULED,,,
2025,2025-0740,2025-09-20,17:00,LG,삼성,잠실야구장,SCHEDULED,,,
2025,2025-0741,2025-09-20,17:00,SSG,두산,인천SSG랜더스필드,SCHEDULED,,,
2025,2025-0742,2025-09-20,17:00,KT,한화,수원KT위즈파크,SCHEDULED,,,
2025,2025-0743,2025-09-20,17:00,기아,NC,광주기아챔피언스필드,SCHEDULED,,,
2025,2025-0744,2025-09-20,17:00,롯데,키움,사직야구장,SCHEDULED,,,
2025,2025-0745,2025-09-21,17:00,SSG,두산,인천SSG랜더스필드,SCHEDULED,,,
2025,2025-0746,2025-09-21,17:00,KT,삼성,수원KT위즈파크,SCHEDULED,,,
2025,2025-0747,2025-09-21,17:00,기아,NC,광주기아챔피언스필드,SCHEDULED,,,
2025,2025-0748,2025-09-23,18:30,SSG,기아,인천SSG랜더스필드,SCHEDULED,,,
2025,2025-0749,2025-09-23,18:30,KT,키움,수원KT위즈파크,SCHEDULED,,,
2025,2025-0750,2025-09-23,18:30,삼성,두산,대구삼성라이온즈파크,SCHEDULED,,,
2025,2025-0751,2025-09-23,18:30,롯데,NC,사직야구장,SCHEDULED,,,
2025,2025-0752,2025-09-24,18:30,키움,기아,고척스카이돔,SCHEDULED,,,
2025,2025-0753,2025-09-24,18:30,SSG,한화,인천SSG랜더스필드,SCHEDULED,,,
2025,2025-0754,2025-09-24,18:30,NC,LG,창원NC파크,SCHEDULED,,,
2025,2025-0755,2025-09-25,18:30,두산,한화,잠실야구장,SCHEDULED,,,
2025,2025-0756,2025-09-25,18:30,SSG,KT,인천SSG랜더스필드,SCHEDULED,,,
2025,2025-0757,2025-09-25,18:30,롯데,LG,사직야구장,SCHEDULED,,,
2025,2025-0758,2025-09-26,18:30,두산,NC,잠실야구장,SCHEDULED,,,
2025,2025-0759,2025-09-26,18:30,SSG,KT,인천SSG랜더스필드,SCHEDULED,,,
2025,2025-0760,2025-09-26,18:30,한화,LG,대전 한화생명 볼 파크,SCHEDULED,,,
2025,2025-0761,2025-09-26,18:30,롯데,삼성,사직야구장,SCHEDULED,,,
2025,2025-0762,2025-09-27,17:00,두산,SSG,잠실야구장,SCHEDULED,,,
2025,2025-0763,2025-09-27,17:00,한화,LG,대전 한화생명 볼 파크,SCHEDULED,,,
2025,2025-0764,2025-09-27,17:00,기아,NC,광주기아챔피언스필드,SCHEDULED,,,
2025,2025-0765,2025-09-28,17:00,두산,롯데,잠실야구장,SCHEDULED,,,
2025,2025-0766,2025-09-28,17:00,키움,삼성,고척스카이돔,SCHEDULED,,,
2025,2025-0767,2025-09-28,17:00,한화,LG,대전 한화생명 볼 파크,SCHEDULED,,,
2025,2025-0768,2025-09-28,17:00,기아,NC,광주기아챔피언스필드,SCHEDULED,,,
2025,2025-0769,2025-09-30,18:30,LG,두산,잠실야구장,SCHEDULED,,,
2025,2025-0770,2025-09-30,18:30,키움,SSG,고척스카이돔,SCHEDULED,,,
2025,2025-0771,2025-09-30,18:30,한화,롯데,대전 한화생명 볼 파크,SCHEDULED,,,
2025,2025-0772,2025-09-30,18:30,삼성,기아,대구삼성라이온즈파크,SCHEDULED,,,
2025,2025-0773,2025-09-30,18:30,NC,KT,창원NC파크,SCHEDULED,,,
